,,İL / İLÇE,ALAN (km²),PLAKA
0,0,ADANA,13844,1
0,0,ADIYAMAN,7337,2
0,0,AFYONKARAHİSAR,14016,3
0,0,AĞRI,11099,4
0,0,AKSARAY,7659,68
0,0,AMASYA,5628,5
0,0,ANKARA,25632,6
0,0,ANTALYA,20177,7
0,0,ARDAHAN,4934,75
0,0,ARTVİN,7393,8
0,0,AYDIN,8116,9
0,0,BALIKESİR,14583,10
0,0,BARTIN,2330,74
0,0,BATMAN,4477,72
0,0,BAYBURT,3746,69
0,0,BİLECİK,4179,11
0,0,BİNGÖL,8003,12
0,0,BİTLİS,8294,13
0,0,BOLU,8313,14
0,0,BURDUR,7175,15
0,0,BURSA,10813,16
0,0,ÇANAKKALE,9817,17
0,0,ÇANKIRI,7542,18
0,0,ÇORUM,12428,19
0,0,DENİZLİ,12134,20
0,0,DİYARBAKIR,15101,21
0,0,DÜZCE,2492,81
0,0,EDİRNE,6145,22
0,0,ELAZIĞ,9383,23
0,0,ERZİNCAN,11815,24
0,0,ERZURUM,25006,25
0,0,ESKİŞEHİR,13960,26
0,0,GAZİANTEP,6803,27
0,0,GİRESUN,6972,28
0,0,GÜMÜŞHANE,6668,29
0,0,HAKKÂRİ,7095,30
0,0,HATAY,5524,31
0,0,IĞDIR,3664,76
0,0,ISPARTA,8946,32
0,0,İSTANBUL,5461,34
0,0,İZMİR,11891,35
0,0,KAHRAMANMARAŞ,14520,46
0,0,KARABÜK,4142,78
0,0,KARAMAN,8678,70
0,0,KARS,10193,36
0,0,KASTAMONU,13064,37
0,0,KAYSERİ,16970,38
0,0,KIRIKKALE,4791,71
0,0,KIRKLARELİ,6459,39
0,0,KIRŞEHİR,6584,40
0,0,KİLİS,1412,79
0,0,KOCAELİ,3397,41
0,0,KONYA,40838,42
0,0,KÜTAHYA,11634,43
0,0,MALATYA,12259,44
0,0,MANİSA,13339,45
0,0,MARDİN,8780,47
0,0,MERSİN,16010,33
0,0,MUĞLA,12654,48
0,0,MUŞ,8718,49
0,0,NEVŞEHİR,5485,50
0,0,NİĞDE,7234,51
0,0,ORDU,5914,52
0,0,OSMANİYE,3320,80
0,0,RİZE,3835,53
0,0,SAKARYA,4824,54
0,0,SAMSUN,9725,55
0,0,SİİRT,5717,56
0,0,SİNOP,5717,57
0,0,SİVAS,28164,58
0,0,ŞANLIURFA,19242,63
0,0,ŞIRNAK,7078,73
0,0,TEKİRDAĞ,6190,59
0,0,TOKAT,10042,60
0,0,TRABZON,4628,61
0,0,TUNCELİ,7582,62
0,0,UŞAK,5555,64
0,0,VAN,20921,65
0,0,YALOVA,798,77
0,0,YOZGAT,13690,66
0,0,ZONGULDAK,3342,67
1,1,ALADAĞ,1340,1
16,1,ADIYAMAN_MERKEZ,1814,2
25,1,AFYONKARAHİSAR_MERKEZ,1261,3
43,1,AĞRI_MERKEZ,1695,4
51,1,AĞAÇÖREN,407,68
59,1,AMASYA_MERKEZ,1889,5
66,1,AKYURT,369,6
91,1,AKSEKİ,1544,7
110,1,ARDAHAN_MERKEZ,1261,75
116,1,ARDANUÇ,958,8
125,1,BOZDOĞAN,859,9
142,1,ALTIEYLÜL,956,10
162,1,AMASRA,178,74
166,1,BATMAN_MERKEZ,653,72
172,1,AYDINTEPE,446,69
175,1,BİLECİK_MERKEZ,793,11
183,1,ADAKLI,825,12
191,1,ADİLCEVAZ,1586,13
198,1,BOLU_MERKEZ,1616,14
207,1,AĞLASUN,305,15
218,1,BÜYÜKORHAN,505,16
235,1,AYVACIK,880,17
247,1,ATKARACALAR,234,18
259,1,ALACA,1296,19
273,1,ACIPAYAM,1772,20
292,1,BAĞLAR,429,21
309,1,AKÇAKOCA,380,81
317,1,EDİRNE_MERKEZ,844,22
326,1,AĞIN,242,23
337,1,ÇAYIRLI,1062,24
346,1,AŞKALE,1507,25
366,1,ALPU,1028,26
380,1,ARABAN,592,27
389,1,ALUCRA,1138,28
405,1,GÜMÜŞHANE_MERKEZ,1889,29
411,1,ÇUKURCA,725,30
416,1,ALTINÖZÜ,392,31
431,1,ARALIK,852,76
435,1,AKSU,544,32
448,1,ADALAR,11,34
487,1,ALİAĞA,379,35
517,1,AFŞİN,1502,46
528,1,EFLANİ,674,78
534,1,AYRANCI,2245,70
540,1,AKYAKA,417,36
548,1,ABANA,28,37
568,1,AKKIŞLA,371,38
584,1,BAHŞİLİ,266,71
593,1,BABAESKİ,670,39
601,1,AKÇAKENT,370,40
608,1,ELBEYLİ,238,79
612,1,BAŞİSKELE,209,41
624,1,AHIRLI,325,42
655,1,ALTINTAŞ,941,43
668,1,AKÇADAĞ,1118,44
681,1,AHMETLİ,227,45
698,1,ARTUKLU,885,47
708,1,AKDENİZ,265,33
721,1,BODRUM,650,48
734,1,BULANIK,1948,49
740,1,ACIGÖL,456,50
748,1,ALTUNHİSAR,552,51
754,1,AKKUŞ,697,52
773,1,BAHÇE,208,80
780,1,ARDEŞEN,376,53
792,1,ADAPAZARI,324,54
808,1,19 May,234,55
825,1,BAYKAN,488,56
832,1,AYANCIK,862,57
841,1,AKINCILAR,432,58
858,1,AKÇAKALE,1038,63
871,1,BEYTÜŞŞEBAP,1647,73
878,1,ÇERKEZKÖY,86,59
889,1,ALMUS,1033,60
901,1,AKÇAABAT,375,61
919,1,ÇEMİŞGEZEK,851,62
927,1,BANAZ,1114,64
933,1,BAHÇESARAY,426,65
946,1,ALTINOVA,113,77
952,1,AKDAĞMADENİ,1810,66
966,1,ALAPLI,383,67
2,2,CEYHAN,1426,1
17,2,BESNİ,1235,2
26,2,BAŞMAKÇI,361,3
44,2,DİYADİN,1351,4
52,2,AKSARAY_MERKEZ,3540,68
60,2,GÖYNÜCEK,591,5
67,2,ALTINDAĞ,123,6
92,2,AKSU,406,7
111,2,ÇILDIR,988,75
117,2,ARHAVİ,407,8
126,2,BUHARKENT,124,9
143,2,AYVALIK,305,10
163,2,BARTIN_MERKEZ,1091,74
167,2,BEŞİRİ,809,72
173,2,BAYBURT_MERKEZ,2705,69
176,2,BOZÜYÜK,860,11
184,2,BİNGÖL_MERKEZ,1814,12
192,2,AHLAT,1153,13
199,2,DÖRTDİVAN,634,14
208,2,ALTINYAYLA,221,15
219,2,GEMLİK,401,16
236,2,BAYRAMİÇ,1204,17
248,2,BAYRAMÖREN,310,18
260,2,BAYAT,717,19
274,2,BABADAĞ,124,20
293,2,BİSMİL,1679,21
310,2,CUMAYERİ,113,81
318,2,ENEZ,455,22
327,2,ALACAKAYA,318,23
338,2,ERZİNCAN_MERKEZ,1521,24
347,2,AZİZİYE,1529,25
367,2,BEYLİKOVA,715,26
381,2,İSLAHİYE,865,27
390,2,BULANCAK,721,28
406,2,KELKİT,1571,29
412,2,DERECİK,435,30
417,2,ANTAKYA,703,31
432,2,IĞDIR_MERKEZ,1273,76
436,2,ATABEY,223,32
449,2,ARNAVUTKÖY,453,34
488,2,BALÇOVA,16,35
518,2,ANDIRIN,1202,46
529,2,ESKİPAZAR,754,78
535,2,BAŞYAYLA,141,70
541,2,ARPAÇAY,1165,36
549,2,AĞLI,225,37
569,2,BÜNYAN,1210,38
585,2,BALIŞEYH,623,71
594,2,DEMİRKÖY,893,39
602,2,AKPINAR,582,40
609,2,KİLİS_MERKEZ,610,79
613,2,ÇAYIROVA,23,41
625,2,AKÖREN,640,42
656,2,ASLANAPA,731,43
669,2,ARAPGİR,987,44
682,2,AKHİSAR,1645,45
699,2,DARGEÇİT,519,47
709,2,ANAMUR,1430,33
722,2,DALAMAN,608,48
735,2,HASKÖY,264,49
741,2,AVANOS,995,50
749,2,BOR,1522,51
755,2,ALTINORDU,410,52
774,2,DÜZİÇİ,595,80
781,2,ÇAMLIHEMŞİN,897,53
793,2,AKYAZI,628,54
809,2,ALAÇAM,598,55
826,2,ERUH,1061,56
833,2,BOYABAT,1512,57
842,2,ALTINYAYLA,654,58
859,2,BİRECİK,912,63
872,2,CİZRE,444,73
879,2,ÇORLU,531,59
890,2,ARTOVA,444,60
902,2,ARAKLI,464,61
920,2,HOZAT,663,62
928,2,EŞME,1156,64
934,2,BAŞKALE,2727,65
947,2,ARMUTLU,166,77
953,2,AYDINCIK,338,66
967,2,ÇAYCUMA,492,67
3,3,ÇUKUROVA,250,1
18,3,ÇELİKHAN,444,2
27,3,BAYAT,411,3
45,3,DOĞUBAYAZIT,2250,4
53,3,ESKİL,1701,68
61,3,GÜMÜŞHACIKÖY,629,5
68,3,AYAŞ,1041,6
93,3,ALANYA,1577,7
112,3,DAMAL,165,75
118,3,ARTVİN_MERKEZ,1141,8
127,3,ÇİNE,820,9
144,3,BALYA,797,10
164,3,KURUCAŞİLE,152,74
168,3,GERCÜŞ,914,72
174,3,DEMİRÖZÜ,594,69
177,3,GÖLPAZARI,670,11
185,3,GENÇ,1443,12
193,3,BİTLİS_MERKEZ,1064,13
200,3,GEREDE,1060,14
209,3,BUCAK,1511,15
220,3,GÜRSU,106,16
237,3,BİGA,1310,17
249,3,ÇANKIRI_MERKEZ,1440,18
261,3,BOĞAZKALE,264,19
275,3,BAKLAN,283,20
294,3,ÇERMİK,948,21
311,3,ÇİLİMLİ,85,81
319,3,HAVSA,545,22
328,3,ARICAK,354,23
339,3,İLİÇ,1382,24
348,3,ÇAT,1448,25
368,3,ÇİFTELER,858,26
382,3,KARKAMIŞ,298,27
391,3,ÇAMOLUK,444,28
407,3,KÖSE,353,29
413,3,HAKKÂRİ_MERKEZ,2179,30
418,3,ARSUZ,462,31
433,3,KARAKOYUNLU,269,76
437,3,EĞİRDİR,1315,32
450,3,ATAŞEHİR,25,34
489,3,BAYINDIR,548,35
519,3,ÇAĞLAYANCERİT,470,46
530,3,KARABÜK_MERKEZ,790,78
536,3,ERMENEK,1242,70
542,3,DİGOR,1092,36
550,3,ARAÇ,1446,37
570,3,DEVELİ,1892,38
586,3,ÇELEBİ,223,71
595,3,KIRKLARELİ_MERKEZ,1623,39
603,3,BOZTEPE,747,40
610,3,MUSABEYLİ,346,79
614,3,DARICA,23,41
626,3,AKŞEHİR,895,42
657,3,ÇAVDARHİSAR,429,43
670,3,ARGUVAN,1096,44
683,3,ALAŞEHİR,971,45
700,3,DERİK,1381,47
710,3,AYDINCIK,352,33
723,3,DATÇA,436,48
736,3,KORKUT,775,49
742,3,DERİNKUYU,473,50
750,3,ÇAMARDI,1163,51
756,3,AYBASTI,250,52
775,3,HASANBEYLİ,168,80
782,3,ÇAYELİ,442,53
794,3,ARİFİYE,75,54
810,3,ASARCIK,253,55
827,3,KURTALAN,811,56
834,3,DİKMEN,411,57
843,3,DİVRİĞİ,2632,58
860,3,BOZOVA,1329,63
873,3,GÜÇLÜKONAK,466,73
880,3,ERGENE,418,59
891,3,BAŞÇİFTLİK,246,60
903,3,ARSİN,157,61
921,3,MAZGİRT,702,62
929,3,KARAHALLI,330,64
935,3,ÇALDIRAN,1478,65
948,3,ÇINARCIK,178,77
954,3,BOĞAZLIYAN,1515,66
968,3,DEVREK,953,67
4,4,FEKE,1218,1
19,4,GERGER,668,2
28,4,BOLVADİN,944,3
46,4,ELEŞKİRT,1307,4
54,4,GÜLAĞAÇ,326,68
62,4,HAMAMÖZÜ,204,5
69,4,BALA,1851,6
94,4,DEMRE,329,7
113,4,GÖLE,1290,75
119,4,BORÇKA,805,8
128,4,DİDİM,424,9
145,4,BANDIRMA,755,10
165,4,ULUS,909,74
169,4,HASANKEYF,293,72
178,4,İNHİSAR,244,11
186,4,KARLIOVA,1566,12
194,4,GÜROYMAK,515,13
201,4,GÖYNÜK,1407,14
210,4,BURDUR_MERKEZ,1567,15
221,4,HARMANCIK,400,16
238,4,BOZCAADA,37,17
250,4,ÇERKEŞ,947,18
262,4,ÇORUM_MERKEZ,2436,19
276,4,BEKİLLİ,304,20
295,4,ÇINAR,1934,21
312,4,DÜZCE_MERKEZ,710,81
320,4,İPSALA,741,22
329,4,BASKİL,1318,23
340,4,KEMAH,2311,24
349,4,HINIS,1367,25
369,4,GÜNYÜZÜ,828,26
383,4,NİZİP,944,27
392,4,ÇANAKÇI,142,28
408,4,KÜRTÜN,917,29
414,4,ŞEMDİNLİ,1209,30
419,4,BELEN,184,31
434,4,TUZLUCA,1270,76
438,4,GELENDOST,610,32
451,4,AVCILAR,50,34
490,4,BAYRAKLI,30,35
520,4,DULKADİROĞLU,1176,46
531,4,OVACIK,398,78
537,4,KARAMAN_MERKEZ,4036,70
543,4,KAĞIZMAN,1871,36
551,4,AZDAVAY,759,37
571,4,FELAHİYE,444,38
587,4,DELİCE,970,71
596,4,KOFÇAZ,545,39
604,4,ÇİÇEKDAĞI,891,40
611,4,POLATELİ,218,79
615,4,DERİNCE,198,41
627,4,ALTINEKİN,1312,42
658,4,DOMANİÇ,539,43
671,4,BATTALGAZİ,947,44
684,4,DEMİRCİ,1321,45
701,4,KIZILTEPE,1236,47
711,4,BOZYAZI,642,33
724,4,FETHİYE,875,48
737,4,MALAZGİRT,1595,49
743,4,GÜLŞEHİR,879,50
751,4,ÇİFTLİK,400,51
757,4,ÇAMAŞ,81,52
776,4,KADİRLİ,1021,80
783,4,DEREPAZARI,28,53
795,4,ERENLER,136,54
811,4,ATAKUM,351,55
828,4,PERVARİ,1651,56
835,4,DURAĞAN,995,57
844,4,DOĞANŞAR,370,58
861,4,CEYLANPINAR,1589,63
874,4,İDİL,1148,73
881,4,HAYRABOLU,1009,59
892,4,ERBAA,1173,60
904,4,BEŞİKDÜZÜ,84,61
922,4,NAZIMİYE,543,62
930,4,SİVASLI,473,64
936,4,ÇATAK,1952,65
949,4,ÇİFTLİKKÖY,136,77
955,4,ÇANDIR,205,66
969,4,EREĞLİ,736,67
5,5,İMAMOĞLU,445,1
20,5,GÖLBAŞI,800,2
29,5,ÇAY,803,3
47,5,HAMUR,873,4
55,5,GÜZELYURT,285,68
63,5,MERZİFON,888,5
70,5,BEYPAZARI,1697,6
95,5,DÖŞEMEALTI,687,7
114,5,HANAK,647,75
120,5,HOPA,130,8
129,5,EFELER,624,9
146,5,BİGADİÇ,1108,10
170,5,KOZLUK,1101,72
179,5,OSMANELİ,490,11
187,5,KİĞI,483,12
195,5,HİZAN,1021,13
202,5,KIBRISCIK,562,14
211,5,ÇAVDIR,482,15
222,5,İNEGÖL,1118,16
239,5,ÇAN,905,17
251,5,ELDİVAN,350,18
263,5,DODURGA,229,19
277,5,BEYAĞAÇ,333,20
296,5,ÇÜNGÜŞ,512,21
313,5,GÖLYAKA,228,81
321,5,KEŞAN,1098,22
330,5,ELAZIĞ_MERKEZ,2243,23
341,5,KEMALİYE,1207,24
350,5,HORASAN,1740,25
370,5,HAN,378,26
384,5,NURDAĞI,697,27
393,5,DERELİ,849,28
409,5,ŞİRAN,965,29
415,5,YÜKSEKOVA,2547,30
420,5,DEFNE,155,31
439,5,GÖNEN,285,32
452,5,BAĞCILAR,23,34
491,5,BERGAMA,1544,35
521,5,EKİNÖZÜ,656,46
532,5,SAFRANBOLU,750,78
538,5,KÂZIMKARABEKİR,423,70
544,5,KARS_MERKEZ,2048,36
552,5,BOZKURT,308,37
572,5,HACILAR,187,38
588,5,KARAKEÇİLİ,137,71
597,5,LÜLEBURGAZ,1016,39
605,5,KAMAN,1284,40
616,5,DİLOVASI,125,41
628,5,BEYŞEHİR,2054,42
659,5,DUMLUPINAR,250,43
672,5,DARENDE,1482,44
685,5,GÖLMARMARA,310,45
702,5,MAZIDAĞI,850,47
712,5,ÇAMLIYAYLA,602,33
725,5,KAVAKLIDERE,302,48
738,5,MUŞ_MERKEZ,2818,49
744,5,HACIBEKTAŞ,750,50
752,5,NİĞDE_MERKEZ,2223,51
758,5,ÇATALPINAR,101,52
777,5,OSMANİYE_MERKEZ,859,80
784,5,FINDIKLI,383,53
796,5,FERİZLİ,173,54
812,5,AYVACIK,382,55
829,5,SİİRT_MERKEZ,633,56
836,5,ERFELEK,412,57
845,5,GEMEREK,1131,58
862,5,EYYÜBİYE,1626,63
875,5,SİLOPİ,831,73
882,5,KAPAKLI,182,59
893,5,NİKSAR,889,60
905,5,ÇARŞIBAŞI,66,61
923,5,OVACIK,1401,62
931,5,ULUBEY,828,64
937,5,EDREMİT,515,65
950,5,TERMAL,67,77
956,5,ÇAYIRALAN,995,66
970,5,GÖKÇEBEY,183,67
6,6,KARAİSALI,1165,1
21,6,KÂHTA,1274,2
30,6,ÇOBANLAR,165,3
48,6,PATNOS,1394,4
56,6,ORTAKÖY,727,68
64,6,SULUOVA,456,5
71,6,ÇAMLIDERE,782,6
96,6,ELMALI,1433,7
115,6,POSOF,583,75
121,6,MURGUL,301,8
130,6,GERMENCİK,394,9
147,6,BURHANİYE,420,10
171,6,SASON,706,72
180,6,PAZARYERİ,324,11
188,6,SOLHAN,1032,12
196,6,MUTKİ,1069,13
203,6,MENGEN,874,14
212,6,ÇELTİKÇİ,161,15
223,6,İZNİK,753,16
240,6,ÇANAKKALE_MERKEZ,1016,17
252,6,ILGAZ,845,18
264,6,İSKİLİP,1170,19
278,6,BOZKURT,462,20
297,6,DİCLE,738,21
314,6,GÜMÜŞOVA,103,81
322,6,LALAPAŞA,497,22
331,6,KARAKOÇAN,1049,23
342,6,OTLUKBELİ,320,24
351,6,İSPİR,2129,25
371,6,İNÖNÜ,345,26
385,6,OĞUZELİ,689,27
394,6,DOĞANKENT,110,28
410,6,TORUL,973,29
421,6,DÖRTYOL,342,31
440,6,ISPARTA_MERKEZ,773,32
453,6,BAHÇELİEVLER,17,34
492,6,BEYDAĞ,172,35
522,6,ELBİSTAN,2201,46
533,6,YENİCE,777,78
539,6,SARIVELİLER,590,70
545,6,SARIKAMIŞ,2038,36
553,6,CİDE,652,37
573,6,İNCESU,874,38
589,6,KESKİN,1129,71
598,6,PEHLİVANKÖY,104,39
606,6,KIRŞEHİR_MERKEZ,1719,40
617,6,GEBZE,418,41
629,6,BOZKIR,1105,42
660,6,EMET,951,43
673,6,DOĞANŞEHİR,1364,44
686,6,GÖRDES,902,45
703,6,MİDYAT,1241,47
713,6,ERDEMLİ,2279,33
726,6,KÖYCEĞİZ,1329,48
739,6,VARTO,1318,49
745,6,KOZAKLI,772,50
753,6,ULUKIŞLA,1375,51
759,6,ÇAYBAŞI,102,52
778,6,SUMBAS,358,80
785,6,GÜNEYSU,159,53
797,6,GEYVE,662,54
813,6,BAFRA,1503,55
830,6,ŞİRVAN,936,56
837,6,GERZE,487,57
846,6,GÖLOVA,286,58
863,6,HALFETİ,609,63
876,6,ŞIRNAK_MERKEZ,1701,73
883,6,MALKARA,1243,59
894,6,PAZAR,188,60
906,6,ÇAYKARA,574,61
924,6,PERTEK,858,62
932,6,UŞAK_MERKEZ,1655,64
938,6,ERCİŞ,2133,65
951,6,YALOVA_MERKEZ,139,77
957,6,ÇEKEREK,790,66
971,6,KİLİMLİ,145,67
7,7,KARATAŞ,862,1
22,7,SAMSAT,319,2
31,7,DAZKIRI,408,3
49,7,TAŞLIÇAY,822,4
57,7,SARIYAHŞİ,210,68
65,7,TAŞOVA,971,5
72,7,ÇANKAYA,483,6
97,7,FİNİKE,768,7
122,7,KEMALPAŞA,74,8
131,7,İNCİRLİOVA,188,9
148,7,DURSUNBEY,1719,10
181,7,SÖĞÜT,523,11
189,7,YAYLADERE,417,12
197,7,TATVAN,1885,13
204,7,MUDURNU,1314,14
213,7,GÖLHİSAR,494,15
224,7,KARACABEY,1158,16
241,7,ECEABAT,430,17
253,7,KIZILIRMAK,514,18
265,7,KARGI,1174,19
279,7,BULDAN,523,20
298,7,EĞİL,449,21
315,7,KAYNAŞLI,237,81
323,7,MERİÇ,438,22
332,7,KEBAN,641,23
343,7,REFAHİYE,1808,24
352,7,KARAÇOBAN,571,25
372,7,MAHMUDİYE,659,26
386,7,ŞAHİNBEY,960,27
395,7,ESPİYE,248,28
422,7,ERZİN,258,31
441,7,KEÇİBORLU,494,32
454,7,BAKIRKÖY,29,34
493,7,BORNOVA,220,35
523,7,GÖKSUN,1942,46
546,7,SELİM,982,36
554,7,ÇATALZEYTİN,272,37
574,7,KOCASİNAN,1471,38
590,7,KIRIKKALE_MERKEZ,432,71
599,7,PINARHİSAR,518,39
607,7,MUCUR,992,40
618,7,GÖLCÜK,217,41
630,7,CİHANBEYLİ,3702,42
661,7,GEDİZ,1193,43
674,7,DOĞANYOL,177,44
687,7,KIRKAĞAÇ,541,45
704,7,NUSAYBİN,1079,47
714,7,GÜLNAR,1416,33
727,7,MARMARİS,906,48
746,7,NEVŞEHİR_MERKEZ,574,50
760,7,FATSA,363,52
779,7,TOPRAKKALE,112,80
786,7,HEMŞİN,134,53
798,7,HENDEK,646,54
814,7,CANİK,264,55
831,7,TİLLO,138,56
838,7,SARAYDÜZÜ,334,57
847,7,GÜRÜN,2632,58
864,7,HALİLİYE,1924,63
877,7,ULUDERE,841,73
884,7,MARMARA EREĞLİSİ,175,59
895,7,REŞADİYE,1102,60
907,7,DERNEKPAZARI,89,61
925,7,PÜLÜMÜR,1437,62
939,7,GEVAŞ,1544,65
958,7,KADIŞEHRİ,472,66
972,7,KOZLU,177,67
8,8,KOZAN,1903,1
23,8,SİNCİK,495,2
32,8,DİNAR,1254,3
50,8,TUTAK,1407,4
58,8,SULTANHANI,463,68
73,8,ÇUBUK,1198,6
98,8,GAZİPAŞA,1111,7
123,8,ŞAVŞAT,1316,8
132,8,KARACASU,727,9
149,8,EDREMİT,682,10
182,8,YENİPAZAR,273,11
190,8,YEDİSU,423,12
205,8,SEBEN,683,14
214,8,KARAMANLI,372,15
225,8,KELES,617,16
242,8,EZİNE,727,17
254,8,KORGUN,378,18
266,8,LÂÇİN,196,19
280,8,ÇAL,860,20
299,8,ERGANİ,1510,21
316,8,YIĞILCA,636,81
324,8,SÜLOĞLU,342,22
333,8,KOVANCILAR,960,23
344,8,TERCAN,1614,24
353,8,KARAYAZI,1953,25
373,8,MİHALGAZİ,109,26
387,8,ŞEHİTKAMİL,1290,27
396,8,EYNESİL,51,28
423,8,HASSA,520,31
442,8,SENİRKENT,521,32
455,8,BAŞAKŞEHİR,107,34
494,8,BUCA,178,35
524,8,NURHAK,1028,46
547,8,SUSUZ,578,36
555,8,DADAY,843,37
575,8,MELİKGAZİ,668,38
591,8,SULAKYURT,708,71
600,8,VİZE,1090,39
619,8,İZMİT,480,41
631,8,ÇELTİK,640,42
662,8,HİSARCIK,370,43
675,8,HEKİMHAN,1514,44
688,8,KÖPRÜBAŞI,447,45
705,8,ÖMERLİ,458,47
715,8,MEZİTLİ,371,33
728,8,MENTEŞE,1659,48
747,8,ÜRGÜP,587,50
761,8,GÖLKÖY,421,52
787,8,İKİZDERE,855,53
799,8,KARAPÜRÇEK,142,54
815,8,ÇARŞAMBA,774,55
839,8,SİNOP_MERKEZ,442,57
848,8,HAFİK,1765,58
865,8,HARRAN,904,63
885,8,MURATLI,388,59
896,8,SULUSARAY,266,60
908,8,DÜZKÖY,125,61
926,8,TUNCELİ_MERKEZ,1128,62
940,8,GÜRPINAR,4028,65
959,8,SARAYKENT,319,66
973,8,ZONGULDAK_MERKEZ,272,67
9,9,POZANTI,899,1
24,9,TUT,290,2
33,9,EMİRDAĞ,2103,3
74,9,ELMADAĞ,647,6
99,9,GÜNDOĞMUŞ,1175,7
124,9,YUSUFELİ,2261,8
133,9,KARPUZLU,286,9
150,9,ERDEK,307,10
206,9,YENİÇAĞA,163,14
215,9,KEMER,373,15
226,9,KESTEL,396,16
243,9,GELİBOLU,823,17
255,9,KURŞUNLU,609,18
267,9,MECİTÖZÜ,825,19
281,9,ÇAMELİ,758,20
300,9,HANİ,436,21
325,9,UZUNKÖPRÜ,1185,22
334,9,MADEN,819,23
345,9,ÜZÜMLÜ,591,24
354,9,KÖPRÜKÖY,777,25
374,9,MİHALIÇÇIK,1809,26
388,9,YAVUZELİ,468,27
397,9,GİRESUN_MERKEZ,376,28
424,9,İSKENDERUN,247,31
443,9,SÜTÇÜLER,1235,32
456,9,BAYRAMPAŞA,9,34
495,9,ÇEŞME,285,35
525,9,ONİKİŞUBAT,2429,46
556,9,DEVREKÂNİ,715,37
576,9,ÖZVATAN,270,38
592,9,YAHŞİHAN,304,71
620,9,KANDIRA,840,41
632,9,ÇUMRA,2089,42
663,9,KÜTAHYA_MERKEZ,2470,43
676,9,KALE,237,44
689,9,KULA,981,45
706,9,SAVUR,962,47
716,9,MUT,2718,33
729,9,MİLAS,2067,48
762,9,GÜLYALI,62,52
788,9,İYİDERE,28,53
800,9,KARASU,411,54
816,9,HAVZA,865,55
840,9,TÜRKELİ,263,57
849,9,İMRANLI,1292,58
866,9,HİLVAN,1111,63
886,9,SARAY,620,59
897,9,TOKAT_MERKEZ,2003,60
909,9,HAYRAT,244,61
941,9,İPEKYOLU,956,65
960,9,SARIKAYA,1018,66
10,10,SAİMBEYLİ,989,1
34,10,EVCİLER,252,3
75,10,ETİMESGUT,273,6
100,10,İBRADI,778,7
134,10,KOÇARLI,455,9
151,10,GÖMEÇ,171,10
216,10,TEFENNİ,582,15
227,10,MUDANYA,369,16
244,10,GÖKÇEADA,282,17
256,10,ORTA,706,18
268,10,OĞUZLAR,121,19
282,10,ÇARDAK,423,20
301,10,HAZRO,426,21
335,10,PALU,730,23
355,10,NARMAN,799,25
375,10,ODUNPAZARI,1120,26
398,10,GÖRELE,237,28
425,10,KIRIKHAN,715,31
444,10,ŞARKİKARAAĞAÇ,1068,32
457,10,BEŞİKTAŞ,18,34
496,10,ÇİĞLİ,139,35
526,10,PAZARCIK,1253,46
557,10,DOĞANYURT,193,37
577,10,PINARBAŞI,3418,38
621,10,KARAMÜRSEL,262,41
633,10,DERBENT,359,42
664,10,PAZARLAR,115,43
677,10,KULUNCAK,645,44
690,10,SALİHLİ,1359,45
707,10,YEŞİLLİ,168,47
717,10,SİLİFKE,2692,33
730,10,ORTACA,285,48
763,10,GÜRGENTEPE,185,52
789,10,KALKANDERE,107,53
801,10,KAYNARCA,343,54
817,10,İLKADIM,155,55
850,10,KANGAL,3342,58
867,10,KARAKÖPRÜ,1222,63
887,10,SÜLEYMANPAŞA,1053,59
898,10,TURHAL,940,60
910,10,KÖPRÜBAŞI,189,61
942,10,MURADİYE,912,65
961,10,SORGUN,1768,66
11,11,SARIÇAM,770,1
35,11,HOCALAR,506,3
76,11,EVREN,222,6
101,11,KAŞ,1750,7
135,11,KÖŞK,187,9
152,11,GÖNEN,1162,10
217,11,YEŞİLOVA,1108,15
228,11,MUSTAFAKEMALPAŞA,1641,16
245,11,LÂPSEKİ,821,17
257,11,ŞABANÖZÜ,467,18
269,11,ORTAKÖY,300,19
283,11,ÇİVRİL,1570,20
302,11,KAYAPINAR,480,21
336,11,SİVRİCE,710,23
356,11,OLTU,1441,25
376,11,SARICAKAYA,382,26
399,11,GÜCE,351,28
426,11,KUMLU,193,31
445,11,ULUBORLU,240,32
458,11,BEYKOZ,310,34
497,11,DİKİLİ,534,35
527,11,TÜRKOĞLU,660,46
558,11,HANÖNÜ,417,37
578,11,SARIOĞLAN,642,38
622,11,KARTEPE,301,41
634,11,DEREBUCAK,451,42
665,11,SİMAV,1515,43
678,11,PÜTÜRGE,1086,44
691,11,SARIGÖL,432,45
718,11,TARSUS,2029,33
731,11,SEYDİKEMER,2208,48
764,11,İKİZCE,148,52
790,11,PAZAR,173,53
802,11,KOCAALİ,254,54
818,11,KAVAK,697,55
851,11,KOYULHİSAR,891,58
868,11,SİVEREK,3936,63
888,11,ŞARKÖY,487,59
899,11,YEŞİLYURT,280,60
911,11,MAÇKA,925,61
943,11,ÖZALP,1430,65
962,11,ŞEFAATLİ,882,66
12,12,SEYHAN,444,1
36,12,İHSANİYE,849,3
77,12,GÖLBAŞI,1364,6
102,12,KEMER,412,7
136,12,KUŞADASI,265,9
153,12,HAVRAN,565,10
229,12,NİLÜFER,552,16
246,12,YENİCE,1381,17
258,12,YAPRAKLI,741,18
270,12,OSMANCIK,1273,19
284,12,GÜNEY,362,20
303,12,KOCAKÖY,248,21
357,12,OLUR,893,25
377,12,SEYİTGAZİ,1578,26
400,12,KEŞAP,197,28
427,12,PAYAS,157,31
446,12,YALVAÇ,1402,32
459,12,BEYLİKDÜZÜ,39,34
498,12,FOÇA,251,35
559,12,İHSANGAZİ,445,37
579,12,SARIZ,1173,38
623,12,KÖRFEZ,301,41
635,12,DOĞANHİSAR,482,42
666,12,ŞAPHANE,229,43
679,12,YAZIHAN,653,44
692,12,SARUHANLI,771,45
719,12,TOROSLAR,1075,33
732,12,ULA,479,48
765,12,KABADÜZ,343,52
791,12,RİZE_MERKEZ,253,53
803,12,PAMUKOVA,289,54
819,12,LADİK,541,55
852,12,SİVAS_MERKEZ,3488,58
869,12,SURUÇ,744,63
900,12,ZİLE,1480,60
912,12,OF,258,61
944,12,SARAY,872,65
963,12,YENİFAKILI,390,66
13,13,TUFANBEYLİ,851,1
37,13,İSCEHİSAR,489,3
78,13,GÜDÜL,540,6
103,13,KEPEZ,292,7
137,13,KUYUCAK,544,9
154,13,İVRİNDİ,818,10
230,13,ORHANELİ,838,16
271,13,SUNGURLU,1999,19
285,13,HONAZ,449,20
304,13,KULP,1493,21
358,13,PALANDÖKEN,667,25
378,13,SİVRİHİSAR,2748,26
401,13,PİRAZİZ,127,28
428,13,REYHANLI,367,31
447,13,YENİŞARBADEMLİ,237,32
460,13,BEYOĞLU,9,34
499,13,GAZİEMİR,70,35
560,13,İNEBOLU,417,37
580,13,TALAS,444,38
636,13,EMİRGAZİ,798,42
667,13,TAVŞANLI,1899,43
680,13,YEŞİLYURT,953,44
693,13,SELENDİ,726,45
720,13,YENİŞEHİR,139,33
733,13,YATAĞAN,851,48
766,13,KABATAŞ,74,52
804,13,SAPANCA,173,54
820,13,SALIPAZARI,356,55
853,13,SUŞEHRİ,939,58
870,13,VİRANŞEHİR,2297,63
913,13,ORTAHİSAR,235,61
945,13,TUŞBA,1948,65
964,13,YERKÖY,1164,66
14,14,YUMURTALIK,447,1
38,14,KIZILÖREN,111,3
79,14,HAYMANA,2164,6
104,14,KONYAALTI,546,7
138,14,NAZİLLİ,691,9
155,14,KARESİ,695,10
231,14,ORHANGAZİ,506,16
272,14,UĞURLUDAĞ,428,19
286,14,KALE,684,20
305,14,LİCE,982,21
359,14,PASİNLER,1134,25
379,14,TEPEBAŞI,1403,26
402,14,ŞEBİNKARAHİSAR,1396,28
429,14,SAMANDAĞ,384,31
461,14,BÜYÜKÇEKMECE,173,34
500,14,GÜZELBAHÇE,77,35
561,14,KASTAMONU_MERKEZ,1847,37
581,14,TOMARZA,1405,38
637,14,EREĞLİ,2214,42
694,14,SOMA,820,45
767,14,KORGAN,254,52
805,14,SERDİVAN,130,54
821,14,TEKKEKÖY,326,55
854,14,ŞARKIŞLA,2073,58
914,14,SÜRMENE,166,61
965,14,YOZGAT_MERKEZ,2024,66
15,15,YÜREĞİR,835,1
39,15,SANDIKLI,1238,3
80,15,KALECİK,1110,6
105,15,KORKUTELİ,2433,7
139,15,SÖKE,1064,9
156,15,KEPSUT,889,10
232,15,OSMANGAZİ,621,16
287,15,MERKEZEFENDİ,336,20
306,15,SİLVAN,1252,21
360,15,PAZARYOLU,654,25
403,15,TİREBOLU,259,28
430,15,YAYLADAĞI,445,31
462,15,ÇATALCA,1142,34
501,15,KARABAĞLAR,89,35
562,15,KÜRE,406,37
582,15,YAHYALI,1587,38
638,15,GÜNEYSINIR,482,42
695,15,ŞEHZADELER,515,45
768,15,KUMRU,296,52
806,15,SÖĞÜTLÜ,145,54
822,15,TERME,548,55
855,15,ULAŞ,1092,58
915,15,ŞALPAZARI,161,61
40,16,SİNANPAŞA,889,3
81,16,KAZAN,547,6
106,16,KUMLUCA,1225,7
140,16,SULTANHİSAR,220,9
157,16,MANYAS,634,10
233,16,YENİŞEHİR,720,16
288,16,PAMUKKALE,823,20
307,16,SUR,1227,21
361,16,ŞENKAYA,1381,25
404,16,YAĞLIDERE,327,28
463,16,ÇEKMEKÖY,152,34
502,16,KARABURUN,421,35
563,16,PINARBAŞI,546,37
583,16,YEŞİLHİSAR,913,38
639,16,HADİM,1165,42
696,16,TURGUTLU,549,45
769,16,MESUDİYE,1046,52
807,16,TARAKLI,292,54
823,16,VEZİRKÖPRÜ,1674,55
856,16,YILDIZELİ,2529,58
916,16,TONYA,176,61
41,17,SULTANDAĞI,928,3
82,17,KEÇİÖREN,159,6
107,17,MANAVGAT,2351,7
141,17,YENİPAZAR,245,9
158,17,MARMARA,134,10
234,17,YILDIRIM,110,16
289,17,SARAYKÖY,379,20
308,17,YENİŞEHİR,358,21
362,17,TEKMAN,2102,25
464,17,ESENLER,19,34
503,17,KARŞIYAKA,51,35
564,17,SEYDİLER,233,37
640,17,HALKAPINAR,605,42
697,17,YUNUSEMRE,823,45
770,17,PERŞEMBE,217,52
824,17,YAKAKENT,204,55
857,17,ZARA,2616,58
917,17,VAKFIKEBİR,141,61
42,18,ŞUHUT,1044,3
83,18,KIZILCAHAMAM,1623,6
108,18,MURATPAŞA,96,7
159,18,SAVAŞTEPE,427,10
290,18,SERİNHİSAR,256,20
363,18,TORTUM,1463,25
465,18,ESENYURT,43,34
504,18,KEMALPAŞA,681,35
565,18,ŞENPAZAR,252,37
641,18,HÜYÜK,443,42
771,18,ULUBEY,295,52
918,18,YOMRA,200,61
84,19,MAMAK,321,6
109,19,SERİK,1263,7
160,19,SINDIRGI,1387,10
291,19,TAVAS,1432,20
364,19,UZUNDERE,505,25
466,19,EYÜP,228,34
505,19,KINIK,479,35
566,19,TAŞKÖPRÜ,1758,37
642,19,ILGIN,1636,42
772,19,ÜNYE,569,52
85,20,NALLIHAN,2079,6
161,20,SUSURLUK,652,10
365,20,YAKUTİYE,945,25
467,20,FATİH,15,34
506,20,KİRAZ,573,35
567,20,TOSYA,1302,37
643,20,KADINHANI,1568,42
86,21,POLATLI,3618,6
468,21,GAZİOSMANPAŞA,12,34
507,21,KONAK,24,35
644,21,KARAPINAR,2623,42
87,22,PURSAKLAR,169,6
469,22,GÜNGÖREN,7,34
508,22,MENDERES,777,35
645,22,KARATAY,2832,42
88,23,SİNCAN,880,6
470,23,KADIKÖY,25,34
509,23,MENEMEN,573,35
646,23,KULU,2234,42
89,24,ŞEREFLİKOÇHİSAR,2155,6
471,24,KÂĞITHANE,15,34
510,24,NARLIDERE,50,35
647,24,MERAM,1822,42
90,25,YENİMAHALLE,219,6
472,25,KARTAL,38,34
511,25,ÖDEMİŞ,1019,35
648,25,SARAYÖNÜ,1620,42
473,26,KÜÇÜKÇEKMECE,44,34
512,26,SEFERİHİSAR,375,35
649,26,SELÇUKLU,1931,42
474,27,MALTEPE,53,34
513,27,SELÇUK,317,35
650,27,SEYDİŞEHİR,1458,42
475,28,PENDİK,190,34
514,28,TİRE,716,35
651,28,TAŞKENT,457,42
476,29,SANCAKTEPE,63,34
515,29,TORBALI,577,35
652,29,TUZLUKÇU,704,42
477,30,SARIYER,177,34
516,30,URLA,727,35
653,30,YALIHÜYÜK,94,42
478,31,SİLİVRİ,858,34
654,31,YUNAK,2101,42
479,32,SULTANBEYLİ,29,34
480,33,SULTANGAZİ,37,34
481,34,ŞİLE,800,34
482,35,ŞİŞLİ,10,34
483,36,TUZLA,138,34
484,37,ÜMRANİYE,46,34
485,38,ÜSKÜDAR,35,34
486,39,ZEYTİNBURNU,12,34